"Date";"Event";"AgeGroup";"RegionName";"New";"Cumulative";"Instant"
"2020-02-15";"Hospitalised";"0-59";"Hovedstaden";NA;NA;NA
"2020-02-15";"Hospitalised";"0-59";"Midtjylland";NA;NA;NA
"2020-02-15";"Hospitalised";"0-59";"Nordjylland";NA;NA;NA
"2020-02-15";"Hospitalised";"0-59";"Syddanmark";NA;NA;NA
"2020-02-15";"Hospitalised";"0-59";"Zealand";NA;NA;NA
"2020-02-15";"Hospitalised";"60+";"Hovedstaden";NA;NA;NA
"2020-02-15";"Hospitalised";"60+";"Midtjylland";NA;NA;NA
"2020-02-15";"Hospitalised";"60+";"Nordjylland";NA;NA;NA
"2020-02-15";"Hospitalised";"60+";"Syddanmark";NA;NA;NA
"2020-02-15";"Hospitalised";"60+";"Zealand";NA;NA;NA
"2020-02-16";"Hospitalised";"0-59";"Hovedstaden";NA;NA;NA
"2020-02-16";"Hospitalised";"0-59";"Midtjylland";NA;NA;NA
"2020-02-16";"Hospitalised";"0-59";"Nordjylland";NA;NA;NA
"2020-02-16";"Hospitalised";"0-59";"Syddanmark";NA;NA;NA
"2020-02-16";"Hospitalised";"0-59";"Zealand";NA;NA;NA
"2020-02-16";"Hospitalised";"60+";"Hovedstaden";NA;NA;NA
"2020-02-16";"Hospitalised";"60+";"Midtjylland";NA;NA;NA
"2020-02-16";"Hospitalised";"60+";"Nordjylland";NA;NA;NA
"2020-02-16";"Hospitalised";"60+";"Syddanmark";NA;NA;NA
"2020-02-16";"Hospitalised";"60+";"Zealand";NA;NA;NA
"2020-02-17";"Hospitalised";"0-59";"Hovedstaden";NA;NA;NA
"2020-02-17";"Hospitalised";"0-59";"Midtjylland";NA;NA;NA
"2020-02-17";"Hospitalised";"0-59";"Nordjylland";NA;NA;NA
"2020-02-17";"Hospitalised";"0-59";"Syddanmark";NA;NA;NA
"2020-02-17";"Hospitalised";"0-59";"Zealand";NA;NA;NA
"2020-02-17";"Hospitalised";"60+";"Hovedstaden";NA;NA;NA
"2020-02-17";"Hospitalised";"60+";"Midtjylland";NA;NA;NA
"2020-02-17";"Hospitalised";"60+";"Nordjylland";NA;NA;NA
"2020-02-17";"Hospitalised";"60+";"Syddanmark";NA;NA;NA
"2020-02-17";"Hospitalised";"60+";"Zealand";NA;NA;NA
"2020-02-18";"Hospitalised";"0-59";"Hovedstaden";NA;NA;NA
"2020-02-18";"Hospitalised";"0-59";"Midtjylland";NA;NA;NA
"2020-02-18";"Hospitalised";"0-59";"Nordjylland";NA;NA;NA
"2020-02-18";"Hospitalised";"0-59";"Syddanmark";NA;NA;NA
"2020-02-18";"Hospitalised";"0-59";"Zealand";NA;NA;NA
"2020-02-18";"Hospitalised";"60+";"Hovedstaden";NA;NA;NA
"2020-02-18";"Hospitalised";"60+";"Midtjylland";NA;NA;NA
"2020-02-18";"Hospitalised";"60+";"Nordjylland";NA;NA;NA
"2020-02-18";"Hospitalised";"60+";"Syddanmark";NA;NA;NA
"2020-02-18";"Hospitalised";"60+";"Zealand";NA;NA;NA
"2020-02-19";"Hospitalised";"0-59";"Hovedstaden";NA;NA;NA
"2020-02-19";"Hospitalised";"0-59";"Midtjylland";NA;NA;NA
"2020-02-19";"Hospitalised";"0-59";"Nordjylland";NA;NA;NA
"2020-02-19";"Hospitalised";"0-59";"Syddanmark";NA;NA;NA
"2020-02-19";"Hospitalised";"0-59";"Zealand";NA;NA;NA
"2020-02-19";"Hospitalised";"60+";"Hovedstaden";NA;NA;NA
"2020-02-19";"Hospitalised";"60+";"Midtjylland";NA;NA;NA
"2020-02-19";"Hospitalised";"60+";"Nordjylland";NA;NA;NA
"2020-02-19";"Hospitalised";"60+";"Syddanmark";NA;NA;NA
"2020-02-19";"Hospitalised";"60+";"Zealand";NA;NA;NA
"2020-02-20";"Hospitalised";"0-59";"Hovedstaden";NA;NA;NA
"2020-02-20";"Hospitalised";"0-59";"Midtjylland";NA;NA;NA
"2020-02-20";"Hospitalised";"0-59";"Nordjylland";NA;NA;NA
"2020-02-20";"Hospitalised";"0-59";"Syddanmark";NA;NA;NA
"2020-02-20";"Hospitalised";"0-59";"Zealand";NA;NA;NA
"2020-02-20";"Hospitalised";"60+";"Hovedstaden";NA;NA;NA
"2020-02-20";"Hospitalised";"60+";"Midtjylland";NA;NA;NA
"2020-02-20";"Hospitalised";"60+";"Nordjylland";NA;NA;NA
"2020-02-20";"Hospitalised";"60+";"Syddanmark";NA;NA;NA
"2020-02-20";"Hospitalised";"60+";"Zealand";NA;NA;NA
"2020-02-21";"Hospitalised";"0-59";"Hovedstaden";NA;NA;NA
"2020-02-21";"Hospitalised";"0-59";"Midtjylland";NA;NA;NA
"2020-02-21";"Hospitalised";"0-59";"Nordjylland";NA;NA;NA
"2020-02-21";"Hospitalised";"0-59";"Syddanmark";NA;NA;NA
"2020-02-21";"Hospitalised";"0-59";"Zealand";NA;NA;NA
"2020-02-21";"Hospitalised";"60+";"Hovedstaden";NA;NA;NA
"2020-02-21";"Hospitalised";"60+";"Midtjylland";NA;NA;NA
"2020-02-21";"Hospitalised";"60+";"Nordjylland";NA;NA;NA
"2020-02-21";"Hospitalised";"60+";"Syddanmark";NA;NA;NA
"2020-02-21";"Hospitalised";"60+";"Zealand";NA;NA;NA
"2020-02-22";"Hospitalised";"0-59";"Hovedstaden";NA;NA;NA
"2020-02-22";"Hospitalised";"0-59";"Midtjylland";NA;NA;NA
"2020-02-22";"Hospitalised";"0-59";"Nordjylland";NA;NA;NA
"2020-02-22";"Hospitalised";"0-59";"Syddanmark";NA;NA;NA
"2020-02-22";"Hospitalised";"0-59";"Zealand";NA;NA;NA
"2020-02-22";"Hospitalised";"60+";"Hovedstaden";NA;NA;NA
"2020-02-22";"Hospitalised";"60+";"Midtjylland";NA;NA;NA
"2020-02-22";"Hospitalised";"60+";"Nordjylland";NA;NA;NA
"2020-02-22";"Hospitalised";"60+";"Syddanmark";NA;NA;NA
"2020-02-22";"Hospitalised";"60+";"Zealand";NA;NA;NA
"2020-02-23";"Hospitalised";"0-59";"Hovedstaden";NA;NA;NA
"2020-02-23";"Hospitalised";"0-59";"Midtjylland";NA;NA;NA
"2020-02-23";"Hospitalised";"0-59";"Nordjylland";NA;NA;NA
"2020-02-23";"Hospitalised";"0-59";"Syddanmark";NA;NA;NA
"2020-02-23";"Hospitalised";"0-59";"Zealand";NA;NA;NA
"2020-02-23";"Hospitalised";"60+";"Hovedstaden";NA;NA;NA
"2020-02-23";"Hospitalised";"60+";"Midtjylland";NA;NA;NA
"2020-02-23";"Hospitalised";"60+";"Nordjylland";NA;NA;NA
"2020-02-23";"Hospitalised";"60+";"Syddanmark";NA;NA;NA
"2020-02-23";"Hospitalised";"60+";"Zealand";NA;NA;NA
"2020-02-24";"Hospitalised";"0-59";"Hovedstaden";NA;NA;NA
"2020-02-24";"Hospitalised";"0-59";"Midtjylland";NA;NA;NA
"2020-02-24";"Hospitalised";"0-59";"Nordjylland";NA;NA;NA
"2020-02-24";"Hospitalised";"0-59";"Syddanmark";NA;NA;NA
"2020-02-24";"Hospitalised";"0-59";"Zealand";NA;NA;NA
"2020-02-24";"Hospitalised";"60+";"Hovedstaden";NA;NA;NA
"2020-02-24";"Hospitalised";"60+";"Midtjylland";NA;NA;NA
"2020-02-24";"Hospitalised";"60+";"Nordjylland";NA;NA;NA
"2020-02-24";"Hospitalised";"60+";"Syddanmark";NA;NA;NA
"2020-02-24";"Hospitalised";"60+";"Zealand";NA;NA;NA
"2020-02-25";"Hospitalised";"0-59";"Hovedstaden";NA;NA;NA
"2020-02-25";"Hospitalised";"0-59";"Midtjylland";NA;NA;NA
"2020-02-25";"Hospitalised";"0-59";"Nordjylland";NA;NA;NA
"2020-02-25";"Hospitalised";"0-59";"Syddanmark";NA;NA;NA
"2020-02-25";"Hospitalised";"0-59";"Zealand";NA;NA;NA
"2020-02-25";"Hospitalised";"60+";"Hovedstaden";NA;NA;NA
"2020-02-25";"Hospitalised";"60+";"Midtjylland";NA;NA;NA
"2020-02-25";"Hospitalised";"60+";"Nordjylland";NA;NA;NA
"2020-02-25";"Hospitalised";"60+";"Syddanmark";NA;NA;NA
"2020-02-25";"Hospitalised";"60+";"Zealand";NA;NA;NA
"2020-02-26";"Hospitalised";"0-59";"Hovedstaden";NA;NA;NA
"2020-02-26";"Hospitalised";"0-59";"Midtjylland";NA;NA;NA
"2020-02-26";"Hospitalised";"0-59";"Nordjylland";NA;NA;NA
"2020-02-26";"Hospitalised";"0-59";"Syddanmark";NA;NA;NA
"2020-02-26";"Hospitalised";"0-59";"Zealand";NA;NA;NA
"2020-02-26";"Hospitalised";"60+";"Hovedstaden";NA;NA;NA
"2020-02-26";"Hospitalised";"60+";"Midtjylland";NA;NA;NA
"2020-02-26";"Hospitalised";"60+";"Nordjylland";NA;NA;NA
"2020-02-26";"Hospitalised";"60+";"Syddanmark";NA;NA;NA
"2020-02-26";"Hospitalised";"60+";"Zealand";NA;NA;NA
"2020-02-27";"Hospitalised";"0-59";"Hovedstaden";NA;NA;NA
"2020-02-27";"Hospitalised";"0-59";"Midtjylland";NA;NA;NA
"2020-02-27";"Hospitalised";"0-59";"Nordjylland";NA;NA;NA
"2020-02-27";"Hospitalised";"0-59";"Syddanmark";NA;NA;NA
"2020-02-27";"Hospitalised";"0-59";"Zealand";NA;NA;NA
"2020-02-27";"Hospitalised";"60+";"Hovedstaden";NA;NA;NA
"2020-02-27";"Hospitalised";"60+";"Midtjylland";NA;NA;NA
"2020-02-27";"Hospitalised";"60+";"Nordjylland";NA;NA;NA
"2020-02-27";"Hospitalised";"60+";"Syddanmark";NA;NA;NA
"2020-02-27";"Hospitalised";"60+";"Zealand";NA;NA;NA
"2020-02-28";"Hospitalised";"0-59";"Hovedstaden";NA;NA;NA
"2020-02-28";"Hospitalised";"0-59";"Midtjylland";NA;NA;NA
"2020-02-28";"Hospitalised";"0-59";"Nordjylland";NA;NA;NA
"2020-02-28";"Hospitalised";"0-59";"Syddanmark";NA;NA;NA
"2020-02-28";"Hospitalised";"0-59";"Zealand";NA;NA;NA
"2020-02-28";"Hospitalised";"60+";"Hovedstaden";NA;NA;NA
"2020-02-28";"Hospitalised";"60+";"Midtjylland";NA;NA;NA
"2020-02-28";"Hospitalised";"60+";"Nordjylland";NA;NA;NA
"2020-02-28";"Hospitalised";"60+";"Syddanmark";NA;NA;NA
"2020-02-28";"Hospitalised";"60+";"Zealand";NA;NA;NA
"2020-02-29";"Hospitalised";"0-59";"Hovedstaden";NA;NA;NA
"2020-02-29";"Hospitalised";"0-59";"Midtjylland";NA;NA;NA
"2020-02-29";"Hospitalised";"0-59";"Nordjylland";NA;NA;NA
"2020-02-29";"Hospitalised";"0-59";"Syddanmark";NA;NA;NA
"2020-02-29";"Hospitalised";"0-59";"Zealand";NA;NA;NA
"2020-02-29";"Hospitalised";"60+";"Hovedstaden";NA;NA;NA
"2020-02-29";"Hospitalised";"60+";"Midtjylland";NA;NA;NA
"2020-02-29";"Hospitalised";"60+";"Nordjylland";NA;NA;NA
"2020-02-29";"Hospitalised";"60+";"Syddanmark";NA;NA;NA
"2020-02-29";"Hospitalised";"60+";"Zealand";NA;NA;NA
"2020-03-01";"Hospitalised";"0-59";"Hovedstaden";NA;NA;NA
"2020-03-01";"Hospitalised";"0-59";"Midtjylland";NA;NA;NA
"2020-03-01";"Hospitalised";"0-59";"Nordjylland";NA;NA;NA
"2020-03-01";"Hospitalised";"0-59";"Syddanmark";NA;NA;NA
"2020-03-01";"Hospitalised";"0-59";"Zealand";NA;NA;NA
"2020-03-01";"Hospitalised";"60+";"Hovedstaden";NA;NA;NA
"2020-03-01";"Hospitalised";"60+";"Midtjylland";NA;NA;NA
"2020-03-01";"Hospitalised";"60+";"Nordjylland";NA;NA;NA
"2020-03-01";"Hospitalised";"60+";"Syddanmark";NA;NA;NA
"2020-03-01";"Hospitalised";"60+";"Zealand";NA;NA;NA
"2020-03-02";"Hospitalised";"0-59";"Hovedstaden";NA;NA;NA
"2020-03-02";"Hospitalised";"0-59";"Midtjylland";NA;NA;NA
"2020-03-02";"Hospitalised";"0-59";"Nordjylland";NA;NA;NA
"2020-03-02";"Hospitalised";"0-59";"Syddanmark";NA;NA;NA
"2020-03-02";"Hospitalised";"0-59";"Zealand";NA;NA;NA
"2020-03-02";"Hospitalised";"60+";"Hovedstaden";NA;NA;NA
"2020-03-02";"Hospitalised";"60+";"Midtjylland";NA;NA;NA
"2020-03-02";"Hospitalised";"60+";"Nordjylland";NA;NA;NA
"2020-03-02";"Hospitalised";"60+";"Syddanmark";NA;NA;NA
"2020-03-02";"Hospitalised";"60+";"Zealand";NA;NA;NA
"2020-03-03";"Hospitalised";"0-59";"Hovedstaden";NA;NA;NA
"2020-03-03";"Hospitalised";"0-59";"Midtjylland";NA;NA;NA
"2020-03-03";"Hospitalised";"0-59";"Nordjylland";NA;NA;NA
"2020-03-03";"Hospitalised";"0-59";"Syddanmark";NA;NA;NA
"2020-03-03";"Hospitalised";"0-59";"Zealand";NA;NA;NA
"2020-03-03";"Hospitalised";"60+";"Hovedstaden";NA;NA;NA
"2020-03-03";"Hospitalised";"60+";"Midtjylland";NA;NA;NA
"2020-03-03";"Hospitalised";"60+";"Nordjylland";NA;NA;NA
"2020-03-03";"Hospitalised";"60+";"Syddanmark";NA;NA;NA
"2020-03-03";"Hospitalised";"60+";"Zealand";NA;NA;NA
"2020-03-04";"Hospitalised";"0-59";"Hovedstaden";NA;NA;NA
"2020-03-04";"Hospitalised";"0-59";"Midtjylland";NA;NA;NA
"2020-03-04";"Hospitalised";"0-59";"Nordjylland";NA;NA;NA
"2020-03-04";"Hospitalised";"0-59";"Syddanmark";NA;NA;NA
"2020-03-04";"Hospitalised";"0-59";"Zealand";NA;NA;NA
"2020-03-04";"Hospitalised";"60+";"Hovedstaden";NA;NA;NA
"2020-03-04";"Hospitalised";"60+";"Midtjylland";NA;NA;NA
"2020-03-04";"Hospitalised";"60+";"Nordjylland";NA;NA;NA
"2020-03-04";"Hospitalised";"60+";"Syddanmark";NA;NA;NA
"2020-03-04";"Hospitalised";"60+";"Zealand";NA;NA;NA
"2020-03-05";"Hospitalised";"0-59";"Hovedstaden";NA;NA;NA
"2020-03-05";"Hospitalised";"0-59";"Midtjylland";NA;NA;NA
"2020-03-05";"Hospitalised";"0-59";"Nordjylland";NA;NA;NA
"2020-03-05";"Hospitalised";"0-59";"Syddanmark";NA;NA;NA
"2020-03-05";"Hospitalised";"0-59";"Zealand";NA;NA;NA
"2020-03-05";"Hospitalised";"60+";"Hovedstaden";NA;NA;NA
"2020-03-05";"Hospitalised";"60+";"Midtjylland";NA;NA;NA
"2020-03-05";"Hospitalised";"60+";"Nordjylland";NA;NA;NA
"2020-03-05";"Hospitalised";"60+";"Syddanmark";NA;NA;NA
"2020-03-05";"Hospitalised";"60+";"Zealand";NA;NA;NA
"2020-03-06";"Hospitalised";"0-59";"Hovedstaden";NA;NA;NA
"2020-03-06";"Hospitalised";"0-59";"Midtjylland";NA;NA;NA
"2020-03-06";"Hospitalised";"0-59";"Nordjylland";NA;NA;NA
"2020-03-06";"Hospitalised";"0-59";"Syddanmark";NA;NA;NA
"2020-03-06";"Hospitalised";"0-59";"Zealand";NA;NA;NA
"2020-03-06";"Hospitalised";"60+";"Hovedstaden";NA;NA;NA
"2020-03-06";"Hospitalised";"60+";"Midtjylland";NA;NA;NA
"2020-03-06";"Hospitalised";"60+";"Nordjylland";NA;NA;NA
"2020-03-06";"Hospitalised";"60+";"Syddanmark";NA;NA;NA
"2020-03-06";"Hospitalised";"60+";"Zealand";NA;NA;NA
"2020-03-07";"Hospitalised";"0-59";"Hovedstaden";NA;NA;NA
"2020-03-07";"Hospitalised";"0-59";"Midtjylland";NA;NA;NA
"2020-03-07";"Hospitalised";"0-59";"Nordjylland";NA;NA;NA
"2020-03-07";"Hospitalised";"0-59";"Syddanmark";NA;NA;NA
"2020-03-07";"Hospitalised";"0-59";"Zealand";NA;NA;NA
"2020-03-07";"Hospitalised";"60+";"Hovedstaden";NA;NA;NA
"2020-03-07";"Hospitalised";"60+";"Midtjylland";NA;NA;NA
"2020-03-07";"Hospitalised";"60+";"Nordjylland";NA;NA;NA
"2020-03-07";"Hospitalised";"60+";"Syddanmark";NA;NA;NA
"2020-03-07";"Hospitalised";"60+";"Zealand";NA;NA;NA
"2020-03-08";"Hospitalised";"0-59";"Hovedstaden";NA;NA;NA
"2020-03-08";"Hospitalised";"0-59";"Midtjylland";NA;NA;NA
"2020-03-08";"Hospitalised";"0-59";"Nordjylland";NA;NA;NA
"2020-03-08";"Hospitalised";"0-59";"Syddanmark";NA;NA;NA
"2020-03-08";"Hospitalised";"0-59";"Zealand";NA;NA;NA
"2020-03-08";"Hospitalised";"60+";"Hovedstaden";NA;NA;NA
"2020-03-08";"Hospitalised";"60+";"Midtjylland";NA;NA;NA
"2020-03-08";"Hospitalised";"60+";"Nordjylland";NA;NA;NA
"2020-03-08";"Hospitalised";"60+";"Syddanmark";NA;NA;NA
"2020-03-08";"Hospitalised";"60+";"Zealand";NA;NA;NA
"2020-03-09";"Hospitalised";"0-59";"Hovedstaden";NA;NA;NA
"2020-03-09";"Hospitalised";"0-59";"Midtjylland";NA;NA;NA
"2020-03-09";"Hospitalised";"0-59";"Nordjylland";NA;NA;NA
"2020-03-09";"Hospitalised";"0-59";"Syddanmark";NA;NA;NA
"2020-03-09";"Hospitalised";"0-59";"Zealand";NA;NA;NA
"2020-03-09";"Hospitalised";"60+";"Hovedstaden";NA;NA;NA
"2020-03-09";"Hospitalised";"60+";"Midtjylland";NA;NA;NA
"2020-03-09";"Hospitalised";"60+";"Nordjylland";NA;NA;NA
"2020-03-09";"Hospitalised";"60+";"Syddanmark";NA;NA;NA
"2020-03-09";"Hospitalised";"60+";"Zealand";NA;NA;NA
"2020-03-10";"Hospitalised";"0-59";"Hovedstaden";NA;NA;NA
"2020-03-10";"Hospitalised";"0-59";"Midtjylland";NA;NA;NA
"2020-03-10";"Hospitalised";"0-59";"Nordjylland";NA;NA;NA
"2020-03-10";"Hospitalised";"0-59";"Syddanmark";NA;NA;NA
"2020-03-10";"Hospitalised";"0-59";"Zealand";NA;NA;NA
"2020-03-10";"Hospitalised";"60+";"Hovedstaden";NA;NA;NA
"2020-03-10";"Hospitalised";"60+";"Midtjylland";NA;NA;NA
"2020-03-10";"Hospitalised";"60+";"Nordjylland";NA;NA;NA
"2020-03-10";"Hospitalised";"60+";"Syddanmark";NA;NA;NA
"2020-03-10";"Hospitalised";"60+";"Zealand";NA;NA;NA
"2020-03-11";"Hospitalised";"0-59";"Hovedstaden";NA;NA;NA
"2020-03-11";"Hospitalised";"0-59";"Midtjylland";NA;NA;NA
"2020-03-11";"Hospitalised";"0-59";"Nordjylland";NA;NA;NA
"2020-03-11";"Hospitalised";"0-59";"Syddanmark";NA;NA;NA
"2020-03-11";"Hospitalised";"0-59";"Zealand";NA;NA;NA
"2020-03-11";"Hospitalised";"60+";"Hovedstaden";NA;NA;NA
"2020-03-11";"Hospitalised";"60+";"Midtjylland";NA;NA;NA
"2020-03-11";"Hospitalised";"60+";"Nordjylland";NA;NA;NA
"2020-03-11";"Hospitalised";"60+";"Syddanmark";NA;NA;NA
"2020-03-11";"Hospitalised";"60+";"Zealand";NA;NA;NA
"2020-03-12";"Hospitalised";"0-59";"Hovedstaden";NA;NA;NA
"2020-03-12";"Hospitalised";"0-59";"Midtjylland";NA;NA;NA
"2020-03-12";"Hospitalised";"0-59";"Nordjylland";NA;NA;NA
"2020-03-12";"Hospitalised";"0-59";"Syddanmark";NA;NA;NA
"2020-03-12";"Hospitalised";"0-59";"Zealand";NA;NA;NA
"2020-03-12";"Hospitalised";"60+";"Hovedstaden";NA;NA;NA
"2020-03-12";"Hospitalised";"60+";"Midtjylland";NA;NA;NA
"2020-03-12";"Hospitalised";"60+";"Nordjylland";NA;NA;NA
"2020-03-12";"Hospitalised";"60+";"Syddanmark";NA;NA;NA
"2020-03-12";"Hospitalised";"60+";"Zealand";NA;NA;NA
"2020-03-13";"Hospitalised";"0-59";"Hovedstaden";NA;NA;NA
"2020-03-13";"Hospitalised";"0-59";"Midtjylland";NA;NA;NA
"2020-03-13";"Hospitalised";"0-59";"Nordjylland";NA;NA;NA
"2020-03-13";"Hospitalised";"0-59";"Syddanmark";NA;NA;NA
"2020-03-13";"Hospitalised";"0-59";"Zealand";NA;NA;NA
"2020-03-13";"Hospitalised";"60+";"Hovedstaden";NA;NA;NA
"2020-03-13";"Hospitalised";"60+";"Midtjylland";NA;NA;NA
"2020-03-13";"Hospitalised";"60+";"Nordjylland";NA;NA;NA
"2020-03-13";"Hospitalised";"60+";"Syddanmark";NA;NA;NA
"2020-03-13";"Hospitalised";"60+";"Zealand";NA;NA;NA
"2020-03-14";"Hospitalised";"0-59";"Hovedstaden";NA;NA;NA
"2020-03-14";"Hospitalised";"0-59";"Midtjylland";NA;NA;NA
"2020-03-14";"Hospitalised";"0-59";"Nordjylland";NA;NA;NA
"2020-03-14";"Hospitalised";"0-59";"Syddanmark";NA;NA;NA
"2020-03-14";"Hospitalised";"0-59";"Zealand";NA;NA;NA
"2020-03-14";"Hospitalised";"60+";"Hovedstaden";NA;NA;NA
"2020-03-14";"Hospitalised";"60+";"Midtjylland";NA;NA;NA
"2020-03-14";"Hospitalised";"60+";"Nordjylland";NA;NA;NA
"2020-03-14";"Hospitalised";"60+";"Syddanmark";NA;NA;NA
"2020-03-14";"Hospitalised";"60+";"Zealand";NA;NA;NA
"2020-03-15";"Hospitalised";"0-59";"Hovedstaden";NA;NA;NA
"2020-03-15";"Hospitalised";"0-59";"Midtjylland";NA;NA;NA
"2020-03-15";"Hospitalised";"0-59";"Nordjylland";NA;NA;NA
"2020-03-15";"Hospitalised";"0-59";"Syddanmark";NA;NA;NA
"2020-03-15";"Hospitalised";"0-59";"Zealand";NA;NA;NA
"2020-03-15";"Hospitalised";"60+";"Hovedstaden";NA;NA;NA
"2020-03-15";"Hospitalised";"60+";"Midtjylland";NA;NA;NA
"2020-03-15";"Hospitalised";"60+";"Nordjylland";NA;NA;NA
"2020-03-15";"Hospitalised";"60+";"Syddanmark";NA;NA;NA
"2020-03-15";"Hospitalised";"60+";"Zealand";NA;NA;NA
"2020-03-16";"Hospitalised";"0-59";"Hovedstaden";NA;NA;NA
"2020-03-16";"Hospitalised";"0-59";"Midtjylland";NA;NA;NA
"2020-03-16";"Hospitalised";"0-59";"Nordjylland";NA;NA;NA
"2020-03-16";"Hospitalised";"0-59";"Syddanmark";NA;NA;NA
"2020-03-16";"Hospitalised";"0-59";"Zealand";NA;NA;NA
"2020-03-16";"Hospitalised";"60+";"Hovedstaden";NA;NA;NA
"2020-03-16";"Hospitalised";"60+";"Midtjylland";NA;NA;NA
"2020-03-16";"Hospitalised";"60+";"Nordjylland";NA;NA;NA
"2020-03-16";"Hospitalised";"60+";"Syddanmark";NA;NA;NA
"2020-03-16";"Hospitalised";"60+";"Zealand";NA;NA;NA
"2020-03-17";"Hospitalised";"0-59";"Hovedstaden";NA;NA;NA
"2020-03-17";"Hospitalised";"0-59";"Midtjylland";NA;NA;NA
"2020-03-17";"Hospitalised";"0-59";"Nordjylland";NA;NA;NA
"2020-03-17";"Hospitalised";"0-59";"Syddanmark";NA;NA;NA
"2020-03-17";"Hospitalised";"0-59";"Zealand";NA;NA;NA
"2020-03-17";"Hospitalised";"60+";"Hovedstaden";NA;NA;NA
"2020-03-17";"Hospitalised";"60+";"Midtjylland";NA;NA;NA
"2020-03-17";"Hospitalised";"60+";"Nordjylland";NA;NA;NA
"2020-03-17";"Hospitalised";"60+";"Syddanmark";NA;NA;NA
"2020-03-17";"Hospitalised";"60+";"Zealand";NA;NA;NA
"2020-03-18";"Hospitalised";"0-59";"Hovedstaden";NA;NA;NA
"2020-03-18";"Hospitalised";"0-59";"Midtjylland";NA;NA;NA
"2020-03-18";"Hospitalised";"0-59";"Nordjylland";NA;NA;NA
"2020-03-18";"Hospitalised";"0-59";"Syddanmark";NA;NA;NA
"2020-03-18";"Hospitalised";"0-59";"Zealand";NA;NA;NA
"2020-03-18";"Hospitalised";"60+";"Hovedstaden";NA;NA;NA
"2020-03-18";"Hospitalised";"60+";"Midtjylland";NA;NA;NA
"2020-03-18";"Hospitalised";"60+";"Nordjylland";NA;NA;NA
"2020-03-18";"Hospitalised";"60+";"Syddanmark";NA;NA;NA
"2020-03-18";"Hospitalised";"60+";"Zealand";NA;NA;NA
"2020-03-19";"Hospitalised";"0-59";"Hovedstaden";NA;NA;NA
"2020-03-19";"Hospitalised";"0-59";"Midtjylland";NA;NA;NA
"2020-03-19";"Hospitalised";"0-59";"Nordjylland";NA;NA;NA
"2020-03-19";"Hospitalised";"0-59";"Syddanmark";NA;NA;NA
"2020-03-19";"Hospitalised";"0-59";"Zealand";NA;NA;NA
"2020-03-19";"Hospitalised";"60+";"Hovedstaden";NA;NA;NA
"2020-03-19";"Hospitalised";"60+";"Midtjylland";NA;NA;NA
"2020-03-19";"Hospitalised";"60+";"Nordjylland";NA;NA;NA
"2020-03-19";"Hospitalised";"60+";"Syddanmark";NA;NA;NA
"2020-03-19";"Hospitalised";"60+";"Zealand";NA;NA;NA
"2020-03-20";"Hospitalised";"0-59";"Hovedstaden";NA;NA;NA
"2020-03-20";"Hospitalised";"0-59";"Midtjylland";NA;NA;NA
"2020-03-20";"Hospitalised";"0-59";"Nordjylland";NA;NA;NA
"2020-03-20";"Hospitalised";"0-59";"Syddanmark";NA;NA;NA
"2020-03-20";"Hospitalised";"0-59";"Zealand";NA;NA;NA
"2020-03-20";"Hospitalised";"60+";"Hovedstaden";NA;NA;NA
"2020-03-20";"Hospitalised";"60+";"Midtjylland";NA;NA;NA
"2020-03-20";"Hospitalised";"60+";"Nordjylland";NA;NA;NA
"2020-03-20";"Hospitalised";"60+";"Syddanmark";NA;NA;NA
"2020-03-20";"Hospitalised";"60+";"Zealand";NA;NA;NA
"2020-03-21";"Hospitalised";"0-59";"Hovedstaden";NA;NA;NA
"2020-03-21";"Hospitalised";"0-59";"Midtjylland";NA;NA;NA
"2020-03-21";"Hospitalised";"0-59";"Nordjylland";NA;NA;NA
"2020-03-21";"Hospitalised";"0-59";"Syddanmark";NA;NA;NA
"2020-03-21";"Hospitalised";"0-59";"Zealand";NA;NA;NA
"2020-03-21";"Hospitalised";"60+";"Hovedstaden";NA;NA;NA
"2020-03-21";"Hospitalised";"60+";"Midtjylland";NA;NA;NA
"2020-03-21";"Hospitalised";"60+";"Nordjylland";NA;NA;NA
"2020-03-21";"Hospitalised";"60+";"Syddanmark";NA;NA;NA
"2020-03-21";"Hospitalised";"60+";"Zealand";NA;NA;NA
"2020-03-22";"Hospitalised";"0-59";"Hovedstaden";NA;NA;NA
"2020-03-22";"Hospitalised";"0-59";"Midtjylland";NA;NA;NA
"2020-03-22";"Hospitalised";"0-59";"Nordjylland";NA;NA;NA
"2020-03-22";"Hospitalised";"0-59";"Syddanmark";NA;NA;NA
"2020-03-22";"Hospitalised";"0-59";"Zealand";NA;NA;NA
"2020-03-22";"Hospitalised";"60+";"Hovedstaden";NA;NA;NA
"2020-03-22";"Hospitalised";"60+";"Midtjylland";NA;NA;NA
"2020-03-22";"Hospitalised";"60+";"Nordjylland";NA;NA;NA
"2020-03-22";"Hospitalised";"60+";"Syddanmark";NA;NA;NA
"2020-03-22";"Hospitalised";"60+";"Zealand";NA;NA;NA
"2020-03-23";"Hospitalised";"0-59";"Hovedstaden";NA;NA;NA
"2020-03-23";"Hospitalised";"0-59";"Midtjylland";NA;NA;NA
"2020-03-23";"Hospitalised";"0-59";"Nordjylland";NA;NA;NA
"2020-03-23";"Hospitalised";"0-59";"Syddanmark";NA;NA;NA
"2020-03-23";"Hospitalised";"0-59";"Zealand";NA;NA;NA
"2020-03-23";"Hospitalised";"60+";"Hovedstaden";NA;NA;NA
"2020-03-23";"Hospitalised";"60+";"Midtjylland";NA;NA;NA
"2020-03-23";"Hospitalised";"60+";"Nordjylland";NA;NA;NA
"2020-03-23";"Hospitalised";"60+";"Syddanmark";NA;NA;NA
"2020-03-23";"Hospitalised";"60+";"Zealand";NA;NA;NA
"2020-03-24";"Hospitalised";"0-59";"Hovedstaden";NA;NA;NA
"2020-03-24";"Hospitalised";"0-59";"Midtjylland";NA;NA;NA
"2020-03-24";"Hospitalised";"0-59";"Nordjylland";NA;NA;NA
"2020-03-24";"Hospitalised";"0-59";"Syddanmark";NA;NA;NA
"2020-03-24";"Hospitalised";"0-59";"Zealand";NA;NA;NA
"2020-03-24";"Hospitalised";"60+";"Hovedstaden";NA;NA;NA
"2020-03-24";"Hospitalised";"60+";"Midtjylland";NA;NA;NA
"2020-03-24";"Hospitalised";"60+";"Nordjylland";NA;NA;NA
"2020-03-24";"Hospitalised";"60+";"Syddanmark";NA;NA;NA
"2020-03-24";"Hospitalised";"60+";"Zealand";NA;NA;NA
"2020-03-25";"Hospitalised";"0-59";"Hovedstaden";NA;NA;NA
"2020-03-25";"Hospitalised";"0-59";"Midtjylland";NA;NA;NA
"2020-03-25";"Hospitalised";"0-59";"Nordjylland";NA;NA;NA
"2020-03-25";"Hospitalised";"0-59";"Syddanmark";NA;NA;NA
"2020-03-25";"Hospitalised";"0-59";"Zealand";NA;NA;NA
"2020-03-25";"Hospitalised";"60+";"Hovedstaden";NA;NA;NA
"2020-03-25";"Hospitalised";"60+";"Midtjylland";NA;NA;NA
"2020-03-25";"Hospitalised";"60+";"Nordjylland";NA;NA;NA
"2020-03-25";"Hospitalised";"60+";"Syddanmark";NA;NA;NA
"2020-03-25";"Hospitalised";"60+";"Zealand";NA;NA;NA
"2020-03-26";"Hospitalised";"0-59";"Hovedstaden";NA;NA;NA
"2020-03-26";"Hospitalised";"0-59";"Midtjylland";NA;NA;NA
"2020-03-26";"Hospitalised";"0-59";"Nordjylland";NA;NA;NA
"2020-03-26";"Hospitalised";"0-59";"Syddanmark";NA;NA;NA
"2020-03-26";"Hospitalised";"0-59";"Zealand";NA;NA;NA
"2020-03-26";"Hospitalised";"60+";"Hovedstaden";NA;NA;NA
"2020-03-26";"Hospitalised";"60+";"Midtjylland";NA;NA;NA
"2020-03-26";"Hospitalised";"60+";"Nordjylland";NA;NA;NA
"2020-03-26";"Hospitalised";"60+";"Syddanmark";NA;NA;NA
"2020-03-26";"Hospitalised";"60+";"Zealand";NA;NA;NA
"2020-03-27";"Hospitalised";"0-59";"Hovedstaden";NA;NA;NA
"2020-03-27";"Hospitalised";"0-59";"Midtjylland";NA;NA;NA
"2020-03-27";"Hospitalised";"0-59";"Nordjylland";NA;NA;NA
"2020-03-27";"Hospitalised";"0-59";"Syddanmark";NA;NA;NA
"2020-03-27";"Hospitalised";"0-59";"Zealand";NA;NA;NA
"2020-03-27";"Hospitalised";"60+";"Hovedstaden";NA;NA;NA
"2020-03-27";"Hospitalised";"60+";"Midtjylland";NA;NA;NA
"2020-03-27";"Hospitalised";"60+";"Nordjylland";NA;NA;NA
"2020-03-27";"Hospitalised";"60+";"Syddanmark";NA;NA;NA
"2020-03-27";"Hospitalised";"60+";"Zealand";NA;NA;NA
"2020-03-28";"Hospitalised";"0-59";"Hovedstaden";NA;NA;NA
"2020-03-28";"Hospitalised";"0-59";"Midtjylland";NA;NA;NA
"2020-03-28";"Hospitalised";"0-59";"Nordjylland";NA;NA;NA
"2020-03-28";"Hospitalised";"0-59";"Syddanmark";NA;NA;NA
"2020-03-28";"Hospitalised";"0-59";"Zealand";NA;NA;NA
"2020-03-28";"Hospitalised";"60+";"Hovedstaden";NA;NA;NA
"2020-03-28";"Hospitalised";"60+";"Midtjylland";NA;NA;NA
"2020-03-28";"Hospitalised";"60+";"Nordjylland";NA;NA;NA
"2020-03-28";"Hospitalised";"60+";"Syddanmark";NA;NA;NA
"2020-03-28";"Hospitalised";"60+";"Zealand";NA;NA;NA
"2020-03-29";"Hospitalised";"0-59";"Hovedstaden";NA;NA;NA
"2020-03-29";"Hospitalised";"0-59";"Midtjylland";NA;NA;NA
"2020-03-29";"Hospitalised";"0-59";"Nordjylland";NA;NA;NA
"2020-03-29";"Hospitalised";"0-59";"Syddanmark";NA;NA;NA
"2020-03-29";"Hospitalised";"0-59";"Zealand";NA;NA;NA
"2020-03-29";"Hospitalised";"60+";"Hovedstaden";NA;NA;NA
"2020-03-29";"Hospitalised";"60+";"Midtjylland";NA;NA;NA
"2020-03-29";"Hospitalised";"60+";"Nordjylland";NA;NA;NA
"2020-03-29";"Hospitalised";"60+";"Syddanmark";NA;NA;NA
"2020-03-29";"Hospitalised";"60+";"Zealand";NA;NA;NA
"2020-03-30";"Hospitalised";"0-59";"Hovedstaden";NA;NA;NA
"2020-03-30";"Hospitalised";"0-59";"Midtjylland";NA;NA;NA
"2020-03-30";"Hospitalised";"0-59";"Nordjylland";NA;NA;NA
"2020-03-30";"Hospitalised";"0-59";"Syddanmark";NA;NA;NA
"2020-03-30";"Hospitalised";"0-59";"Zealand";NA;NA;NA
"2020-03-30";"Hospitalised";"60+";"Hovedstaden";NA;NA;NA
"2020-03-30";"Hospitalised";"60+";"Midtjylland";NA;NA;NA
"2020-03-30";"Hospitalised";"60+";"Nordjylland";NA;NA;NA
"2020-03-30";"Hospitalised";"60+";"Syddanmark";NA;NA;NA
"2020-03-30";"Hospitalised";"60+";"Zealand";NA;NA;NA
"2020-03-31";"Hospitalised";"0-59";"Hovedstaden";NA;NA;NA
"2020-03-31";"Hospitalised";"0-59";"Midtjylland";NA;NA;NA
"2020-03-31";"Hospitalised";"0-59";"Nordjylland";NA;NA;NA
"2020-03-31";"Hospitalised";"0-59";"Syddanmark";NA;NA;NA
"2020-03-31";"Hospitalised";"0-59";"Zealand";NA;NA;NA
"2020-03-31";"Hospitalised";"60+";"Hovedstaden";NA;NA;NA
"2020-03-31";"Hospitalised";"60+";"Midtjylland";NA;NA;NA
"2020-03-31";"Hospitalised";"60+";"Nordjylland";NA;NA;NA
"2020-03-31";"Hospitalised";"60+";"Syddanmark";NA;NA;NA
"2020-03-31";"Hospitalised";"60+";"Zealand";NA;NA;NA
"2020-04-01";"Hospitalised";"0-59";"Hovedstaden";NA;NA;NA
"2020-04-01";"Hospitalised";"0-59";"Midtjylland";NA;NA;NA
"2020-04-01";"Hospitalised";"0-59";"Nordjylland";NA;NA;NA
"2020-04-01";"Hospitalised";"0-59";"Syddanmark";NA;NA;NA
"2020-04-01";"Hospitalised";"0-59";"Zealand";NA;NA;NA
"2020-04-01";"Hospitalised";"60+";"Hovedstaden";NA;NA;NA
"2020-04-01";"Hospitalised";"60+";"Midtjylland";NA;NA;NA
"2020-04-01";"Hospitalised";"60+";"Nordjylland";NA;NA;NA
"2020-04-01";"Hospitalised";"60+";"Syddanmark";NA;NA;NA
"2020-04-01";"Hospitalised";"60+";"Zealand";NA;NA;NA
"2020-04-02";"Hospitalised";"0-59";"Hovedstaden";NA;NA;NA
"2020-04-02";"Hospitalised";"0-59";"Midtjylland";NA;NA;NA
"2020-04-02";"Hospitalised";"0-59";"Nordjylland";NA;NA;NA
"2020-04-02";"Hospitalised";"0-59";"Syddanmark";NA;NA;NA
"2020-04-02";"Hospitalised";"0-59";"Zealand";NA;NA;NA
"2020-04-02";"Hospitalised";"60+";"Hovedstaden";NA;NA;NA
"2020-04-02";"Hospitalised";"60+";"Midtjylland";NA;NA;NA
"2020-04-02";"Hospitalised";"60+";"Nordjylland";NA;NA;NA
"2020-04-02";"Hospitalised";"60+";"Syddanmark";NA;NA;NA
"2020-04-02";"Hospitalised";"60+";"Zealand";NA;NA;NA
"2020-04-03";"Hospitalised";"0-59";"Hovedstaden";NA;NA;NA
"2020-04-03";"Hospitalised";"0-59";"Midtjylland";NA;NA;NA
"2020-04-03";"Hospitalised";"0-59";"Nordjylland";NA;NA;NA
"2020-04-03";"Hospitalised";"0-59";"Syddanmark";NA;NA;NA
"2020-04-03";"Hospitalised";"0-59";"Zealand";NA;NA;NA
"2020-04-03";"Hospitalised";"60+";"Hovedstaden";NA;NA;NA
"2020-04-03";"Hospitalised";"60+";"Midtjylland";NA;NA;NA
"2020-04-03";"Hospitalised";"60+";"Nordjylland";NA;NA;NA
"2020-04-03";"Hospitalised";"60+";"Syddanmark";NA;NA;NA
"2020-04-03";"Hospitalised";"60+";"Zealand";NA;NA;NA
"2020-04-04";"Hospitalised";"0-59";"Hovedstaden";NA;NA;NA
"2020-04-04";"Hospitalised";"0-59";"Midtjylland";NA;NA;NA
"2020-04-04";"Hospitalised";"0-59";"Nordjylland";NA;NA;NA
"2020-04-04";"Hospitalised";"0-59";"Syddanmark";NA;NA;NA
"2020-04-04";"Hospitalised";"0-59";"Zealand";NA;NA;NA
"2020-04-04";"Hospitalised";"60+";"Hovedstaden";NA;NA;NA
"2020-04-04";"Hospitalised";"60+";"Midtjylland";NA;NA;NA
"2020-04-04";"Hospitalised";"60+";"Nordjylland";NA;NA;NA
"2020-04-04";"Hospitalised";"60+";"Syddanmark";NA;NA;NA
"2020-04-04";"Hospitalised";"60+";"Zealand";NA;NA;NA
"2020-04-05";"Hospitalised";"0-59";"Hovedstaden";NA;NA;NA
"2020-04-05";"Hospitalised";"0-59";"Midtjylland";NA;NA;NA
"2020-04-05";"Hospitalised";"0-59";"Nordjylland";NA;NA;NA
"2020-04-05";"Hospitalised";"0-59";"Syddanmark";NA;NA;NA
"2020-04-05";"Hospitalised";"0-59";"Zealand";NA;NA;NA
"2020-04-05";"Hospitalised";"60+";"Hovedstaden";NA;NA;NA
"2020-04-05";"Hospitalised";"60+";"Midtjylland";NA;NA;NA
"2020-04-05";"Hospitalised";"60+";"Nordjylland";NA;NA;NA
"2020-04-05";"Hospitalised";"60+";"Syddanmark";NA;NA;NA
"2020-04-05";"Hospitalised";"60+";"Zealand";NA;NA;NA
"2020-04-06";"Hospitalised";"0-59";"Hovedstaden";NA;NA;NA
"2020-04-06";"Hospitalised";"0-59";"Midtjylland";NA;NA;NA
"2020-04-06";"Hospitalised";"0-59";"Nordjylland";NA;NA;NA
"2020-04-06";"Hospitalised";"0-59";"Syddanmark";NA;NA;NA
"2020-04-06";"Hospitalised";"0-59";"Zealand";NA;NA;NA
"2020-04-06";"Hospitalised";"60+";"Hovedstaden";NA;NA;NA
"2020-04-06";"Hospitalised";"60+";"Midtjylland";NA;NA;NA
"2020-04-06";"Hospitalised";"60+";"Nordjylland";NA;NA;NA
"2020-04-06";"Hospitalised";"60+";"Syddanmark";NA;NA;NA
"2020-04-06";"Hospitalised";"60+";"Zealand";NA;NA;NA
"2020-04-07";"Hospitalised";"0-59";"Hovedstaden";NA;NA;NA
"2020-04-07";"Hospitalised";"0-59";"Midtjylland";NA;NA;NA
"2020-04-07";"Hospitalised";"0-59";"Nordjylland";NA;NA;NA
"2020-04-07";"Hospitalised";"0-59";"Syddanmark";NA;NA;NA
"2020-04-07";"Hospitalised";"0-59";"Zealand";NA;NA;NA
"2020-04-07";"Hospitalised";"60+";"Hovedstaden";NA;NA;NA
"2020-04-07";"Hospitalised";"60+";"Midtjylland";NA;NA;NA
"2020-04-07";"Hospitalised";"60+";"Nordjylland";NA;NA;NA
"2020-04-07";"Hospitalised";"60+";"Syddanmark";NA;NA;NA
"2020-04-07";"Hospitalised";"60+";"Zealand";NA;NA;NA
"2020-04-08";"Hospitalised";"0-59";"Hovedstaden";NA;NA;NA
"2020-04-08";"Hospitalised";"0-59";"Midtjylland";NA;NA;NA
"2020-04-08";"Hospitalised";"0-59";"Nordjylland";NA;NA;NA
"2020-04-08";"Hospitalised";"0-59";"Syddanmark";NA;NA;NA
"2020-04-08";"Hospitalised";"0-59";"Zealand";NA;NA;NA
"2020-04-08";"Hospitalised";"60+";"Hovedstaden";NA;NA;NA
"2020-04-08";"Hospitalised";"60+";"Midtjylland";NA;NA;NA
"2020-04-08";"Hospitalised";"60+";"Nordjylland";NA;NA;NA
"2020-04-08";"Hospitalised";"60+";"Syddanmark";NA;NA;NA
"2020-04-08";"Hospitalised";"60+";"Zealand";NA;NA;NA
"2020-04-09";"Hospitalised";"0-59";"Hovedstaden";NA;NA;NA
"2020-04-09";"Hospitalised";"0-59";"Midtjylland";NA;NA;NA
"2020-04-09";"Hospitalised";"0-59";"Nordjylland";NA;NA;NA
"2020-04-09";"Hospitalised";"0-59";"Syddanmark";NA;NA;NA
"2020-04-09";"Hospitalised";"0-59";"Zealand";NA;NA;NA
"2020-04-09";"Hospitalised";"60+";"Hovedstaden";NA;NA;NA
"2020-04-09";"Hospitalised";"60+";"Midtjylland";NA;NA;NA
"2020-04-09";"Hospitalised";"60+";"Nordjylland";NA;NA;NA
"2020-04-09";"Hospitalised";"60+";"Syddanmark";NA;NA;NA
"2020-04-09";"Hospitalised";"60+";"Zealand";NA;NA;NA
"2020-04-10";"Hospitalised";"0-59";"Hovedstaden";NA;NA;NA
"2020-04-10";"Hospitalised";"0-59";"Midtjylland";NA;NA;NA
"2020-04-10";"Hospitalised";"0-59";"Nordjylland";NA;NA;NA
"2020-04-10";"Hospitalised";"0-59";"Syddanmark";NA;NA;NA
"2020-04-10";"Hospitalised";"0-59";"Zealand";NA;NA;NA
"2020-04-10";"Hospitalised";"60+";"Hovedstaden";NA;NA;NA
"2020-04-10";"Hospitalised";"60+";"Midtjylland";NA;NA;NA
"2020-04-10";"Hospitalised";"60+";"Nordjylland";NA;NA;NA
"2020-04-10";"Hospitalised";"60+";"Syddanmark";NA;NA;NA
"2020-04-10";"Hospitalised";"60+";"Zealand";NA;NA;NA
"2020-04-11";"Hospitalised";"0-59";"Hovedstaden";NA;NA;NA
"2020-04-11";"Hospitalised";"0-59";"Midtjylland";NA;NA;NA
"2020-04-11";"Hospitalised";"0-59";"Nordjylland";NA;NA;NA
"2020-04-11";"Hospitalised";"0-59";"Syddanmark";NA;NA;NA
"2020-04-11";"Hospitalised";"0-59";"Zealand";NA;NA;NA
"2020-04-11";"Hospitalised";"60+";"Hovedstaden";NA;NA;NA
"2020-04-11";"Hospitalised";"60+";"Midtjylland";NA;NA;NA
"2020-04-11";"Hospitalised";"60+";"Nordjylland";NA;NA;NA
"2020-04-11";"Hospitalised";"60+";"Syddanmark";NA;NA;NA
"2020-04-11";"Hospitalised";"60+";"Zealand";NA;NA;NA
"2020-04-12";"Hospitalised";"0-59";"Hovedstaden";NA;NA;NA
"2020-04-12";"Hospitalised";"0-59";"Midtjylland";NA;NA;NA
"2020-04-12";"Hospitalised";"0-59";"Nordjylland";NA;NA;NA
"2020-04-12";"Hospitalised";"0-59";"Syddanmark";NA;NA;NA
"2020-04-12";"Hospitalised";"0-59";"Zealand";NA;NA;NA
"2020-04-12";"Hospitalised";"60+";"Hovedstaden";NA;NA;NA
"2020-04-12";"Hospitalised";"60+";"Midtjylland";NA;NA;NA
"2020-04-12";"Hospitalised";"60+";"Nordjylland";NA;NA;NA
"2020-04-12";"Hospitalised";"60+";"Syddanmark";NA;NA;NA
"2020-04-12";"Hospitalised";"60+";"Zealand";NA;NA;NA
"2020-04-13";"Hospitalised";"0-59";"Hovedstaden";NA;NA;NA
"2020-04-13";"Hospitalised";"0-59";"Midtjylland";NA;NA;NA
"2020-04-13";"Hospitalised";"0-59";"Nordjylland";NA;NA;NA
"2020-04-13";"Hospitalised";"0-59";"Syddanmark";NA;NA;NA
"2020-04-13";"Hospitalised";"0-59";"Zealand";NA;NA;NA
"2020-04-13";"Hospitalised";"60+";"Hovedstaden";NA;NA;NA
"2020-04-13";"Hospitalised";"60+";"Midtjylland";NA;NA;NA
"2020-04-13";"Hospitalised";"60+";"Nordjylland";NA;NA;NA
"2020-04-13";"Hospitalised";"60+";"Syddanmark";NA;NA;NA
"2020-04-13";"Hospitalised";"60+";"Zealand";NA;NA;NA
"2020-04-14";"Hospitalised";"0-59";"Hovedstaden";NA;NA;NA
"2020-04-14";"Hospitalised";"0-59";"Midtjylland";NA;NA;NA
"2020-04-14";"Hospitalised";"0-59";"Nordjylland";NA;NA;NA
"2020-04-14";"Hospitalised";"0-59";"Syddanmark";NA;NA;NA
"2020-04-14";"Hospitalised";"0-59";"Zealand";NA;NA;NA
"2020-04-14";"Hospitalised";"60+";"Hovedstaden";NA;NA;NA
"2020-04-14";"Hospitalised";"60+";"Midtjylland";NA;NA;NA
"2020-04-14";"Hospitalised";"60+";"Nordjylland";NA;NA;NA
"2020-04-14";"Hospitalised";"60+";"Syddanmark";NA;NA;NA
"2020-04-14";"Hospitalised";"60+";"Zealand";NA;NA;NA
"2020-04-15";"Hospitalised";"0-59";"Hovedstaden";NA;NA;NA
"2020-04-15";"Hospitalised";"0-59";"Midtjylland";NA;NA;NA
"2020-04-15";"Hospitalised";"0-59";"Nordjylland";NA;NA;NA
"2020-04-15";"Hospitalised";"0-59";"Syddanmark";NA;NA;NA
"2020-04-15";"Hospitalised";"0-59";"Zealand";NA;NA;NA
"2020-04-15";"Hospitalised";"60+";"Hovedstaden";NA;NA;NA
"2020-04-15";"Hospitalised";"60+";"Midtjylland";NA;NA;NA
"2020-04-15";"Hospitalised";"60+";"Nordjylland";NA;NA;NA
"2020-04-15";"Hospitalised";"60+";"Syddanmark";NA;NA;NA
"2020-04-15";"Hospitalised";"60+";"Zealand";NA;NA;NA
"2020-04-16";"Hospitalised";"0-59";"Hovedstaden";NA;NA;NA
"2020-04-16";"Hospitalised";"0-59";"Midtjylland";NA;NA;NA
"2020-04-16";"Hospitalised";"0-59";"Nordjylland";NA;NA;NA
"2020-04-16";"Hospitalised";"0-59";"Syddanmark";NA;NA;NA
"2020-04-16";"Hospitalised";"0-59";"Zealand";NA;NA;NA
"2020-04-16";"Hospitalised";"60+";"Hovedstaden";NA;NA;NA
"2020-04-16";"Hospitalised";"60+";"Midtjylland";NA;NA;NA
"2020-04-16";"Hospitalised";"60+";"Nordjylland";NA;NA;NA
"2020-04-16";"Hospitalised";"60+";"Syddanmark";NA;NA;NA
"2020-04-16";"Hospitalised";"60+";"Zealand";NA;NA;NA
"2020-04-17";"Hospitalised";"0-59";"Hovedstaden";NA;NA;NA
"2020-04-17";"Hospitalised";"0-59";"Midtjylland";NA;NA;NA
"2020-04-17";"Hospitalised";"0-59";"Nordjylland";NA;NA;NA
"2020-04-17";"Hospitalised";"0-59";"Syddanmark";NA;NA;NA
"2020-04-17";"Hospitalised";"0-59";"Zealand";NA;NA;NA
"2020-04-17";"Hospitalised";"60+";"Hovedstaden";NA;NA;NA
"2020-04-17";"Hospitalised";"60+";"Midtjylland";NA;NA;NA
"2020-04-17";"Hospitalised";"60+";"Nordjylland";NA;NA;NA
"2020-04-17";"Hospitalised";"60+";"Syddanmark";NA;NA;NA
"2020-04-17";"Hospitalised";"60+";"Zealand";NA;NA;NA
"2020-04-18";"Hospitalised";"0-59";"Hovedstaden";NA;NA;NA
"2020-04-18";"Hospitalised";"0-59";"Midtjylland";NA;NA;NA
"2020-04-18";"Hospitalised";"0-59";"Nordjylland";NA;NA;NA
"2020-04-18";"Hospitalised";"0-59";"Syddanmark";NA;NA;NA
"2020-04-18";"Hospitalised";"0-59";"Zealand";NA;NA;NA
"2020-04-18";"Hospitalised";"60+";"Hovedstaden";NA;NA;NA
"2020-04-18";"Hospitalised";"60+";"Midtjylland";NA;NA;NA
"2020-04-18";"Hospitalised";"60+";"Nordjylland";NA;NA;NA
"2020-04-18";"Hospitalised";"60+";"Syddanmark";NA;NA;NA
"2020-04-18";"Hospitalised";"60+";"Zealand";NA;NA;NA
"2020-04-19";"Hospitalised";"0-59";"Hovedstaden";NA;NA;NA
"2020-04-19";"Hospitalised";"0-59";"Midtjylland";NA;NA;NA
"2020-04-19";"Hospitalised";"0-59";"Nordjylland";NA;NA;NA
"2020-04-19";"Hospitalised";"0-59";"Syddanmark";NA;NA;NA
"2020-04-19";"Hospitalised";"0-59";"Zealand";NA;NA;NA
"2020-04-19";"Hospitalised";"60+";"Hovedstaden";NA;NA;NA
"2020-04-19";"Hospitalised";"60+";"Midtjylland";NA;NA;NA
"2020-04-19";"Hospitalised";"60+";"Nordjylland";NA;NA;NA
"2020-04-19";"Hospitalised";"60+";"Syddanmark";NA;NA;NA
"2020-04-19";"Hospitalised";"60+";"Zealand";NA;NA;NA
"2020-04-20";"Hospitalised";"0-59";"Hovedstaden";NA;NA;NA
"2020-04-20";"Hospitalised";"0-59";"Midtjylland";NA;NA;NA
"2020-04-20";"Hospitalised";"0-59";"Nordjylland";NA;NA;NA
"2020-04-20";"Hospitalised";"0-59";"Syddanmark";NA;NA;NA
"2020-04-20";"Hospitalised";"0-59";"Zealand";NA;NA;NA
"2020-04-20";"Hospitalised";"60+";"Hovedstaden";NA;NA;NA
"2020-04-20";"Hospitalised";"60+";"Midtjylland";NA;NA;NA
"2020-04-20";"Hospitalised";"60+";"Nordjylland";NA;NA;NA
"2020-04-20";"Hospitalised";"60+";"Syddanmark";NA;NA;NA
"2020-04-20";"Hospitalised";"60+";"Zealand";NA;NA;NA
"2020-04-21";"Hospitalised";"0-59";"Hovedstaden";NA;NA;NA
"2020-04-21";"Hospitalised";"0-59";"Midtjylland";NA;NA;NA
"2020-04-21";"Hospitalised";"0-59";"Nordjylland";NA;NA;NA
"2020-04-21";"Hospitalised";"0-59";"Syddanmark";NA;NA;NA
"2020-04-21";"Hospitalised";"0-59";"Zealand";NA;NA;NA
"2020-04-21";"Hospitalised";"60+";"Hovedstaden";NA;NA;NA
"2020-04-21";"Hospitalised";"60+";"Midtjylland";NA;NA;NA
"2020-04-21";"Hospitalised";"60+";"Nordjylland";NA;NA;NA
"2020-04-21";"Hospitalised";"60+";"Syddanmark";NA;NA;NA
"2020-04-21";"Hospitalised";"60+";"Zealand";NA;NA;NA
"2020-04-22";"Hospitalised";"0-59";"Hovedstaden";NA;NA;NA
"2020-04-22";"Hospitalised";"0-59";"Midtjylland";NA;NA;NA
"2020-04-22";"Hospitalised";"0-59";"Nordjylland";NA;NA;NA
"2020-04-22";"Hospitalised";"0-59";"Syddanmark";NA;NA;NA
"2020-04-22";"Hospitalised";"0-59";"Zealand";NA;NA;NA
"2020-04-22";"Hospitalised";"60+";"Hovedstaden";NA;NA;NA
"2020-04-22";"Hospitalised";"60+";"Midtjylland";NA;NA;NA
"2020-04-22";"Hospitalised";"60+";"Nordjylland";NA;NA;NA
"2020-04-22";"Hospitalised";"60+";"Syddanmark";NA;NA;NA
"2020-04-22";"Hospitalised";"60+";"Zealand";NA;NA;NA
"2020-04-23";"Hospitalised";"0-59";"Hovedstaden";NA;NA;NA
"2020-04-23";"Hospitalised";"0-59";"Midtjylland";NA;NA;NA
"2020-04-23";"Hospitalised";"0-59";"Nordjylland";NA;NA;NA
"2020-04-23";"Hospitalised";"0-59";"Syddanmark";NA;NA;NA
"2020-04-23";"Hospitalised";"0-59";"Zealand";NA;NA;NA
"2020-04-23";"Hospitalised";"60+";"Hovedstaden";NA;NA;NA
"2020-04-23";"Hospitalised";"60+";"Midtjylland";NA;NA;NA
"2020-04-23";"Hospitalised";"60+";"Nordjylland";NA;NA;NA
"2020-04-23";"Hospitalised";"60+";"Syddanmark";NA;NA;NA
"2020-04-23";"Hospitalised";"60+";"Zealand";NA;NA;NA
"2020-04-24";"Hospitalised";"0-59";"Hovedstaden";NA;NA;NA
"2020-04-24";"Hospitalised";"0-59";"Midtjylland";NA;NA;NA
"2020-04-24";"Hospitalised";"0-59";"Nordjylland";NA;NA;NA
"2020-04-24";"Hospitalised";"0-59";"Syddanmark";NA;NA;NA
"2020-04-24";"Hospitalised";"0-59";"Zealand";NA;NA;NA
"2020-04-24";"Hospitalised";"60+";"Hovedstaden";NA;NA;NA
"2020-04-24";"Hospitalised";"60+";"Midtjylland";NA;NA;NA
"2020-04-24";"Hospitalised";"60+";"Nordjylland";NA;NA;NA
"2020-04-24";"Hospitalised";"60+";"Syddanmark";NA;NA;NA
"2020-04-24";"Hospitalised";"60+";"Zealand";NA;NA;NA
"2020-04-25";"Hospitalised";"0-59";"Hovedstaden";NA;NA;NA
"2020-04-25";"Hospitalised";"0-59";"Midtjylland";NA;NA;NA
"2020-04-25";"Hospitalised";"0-59";"Nordjylland";NA;NA;NA
"2020-04-25";"Hospitalised";"0-59";"Syddanmark";NA;NA;NA
"2020-04-25";"Hospitalised";"0-59";"Zealand";NA;NA;NA
"2020-04-25";"Hospitalised";"60+";"Hovedstaden";NA;NA;NA
"2020-04-25";"Hospitalised";"60+";"Midtjylland";NA;NA;NA
"2020-04-25";"Hospitalised";"60+";"Nordjylland";NA;NA;NA
"2020-04-25";"Hospitalised";"60+";"Syddanmark";NA;NA;NA
"2020-04-25";"Hospitalised";"60+";"Zealand";NA;NA;NA
"2020-04-26";"Hospitalised";"0-59";"Hovedstaden";NA;NA;NA
"2020-04-26";"Hospitalised";"0-59";"Midtjylland";NA;NA;NA
"2020-04-26";"Hospitalised";"0-59";"Nordjylland";NA;NA;NA
"2020-04-26";"Hospitalised";"0-59";"Syddanmark";NA;NA;NA
"2020-04-26";"Hospitalised";"0-59";"Zealand";NA;NA;NA
"2020-04-26";"Hospitalised";"60+";"Hovedstaden";NA;NA;NA
"2020-04-26";"Hospitalised";"60+";"Midtjylland";NA;NA;NA
"2020-04-26";"Hospitalised";"60+";"Nordjylland";NA;NA;NA
"2020-04-26";"Hospitalised";"60+";"Syddanmark";NA;NA;NA
"2020-04-26";"Hospitalised";"60+";"Zealand";NA;NA;NA
"2020-04-27";"Hospitalised";"0-59";"Hovedstaden";NA;NA;NA
"2020-04-27";"Hospitalised";"0-59";"Midtjylland";NA;NA;NA
"2020-04-27";"Hospitalised";"0-59";"Nordjylland";NA;NA;NA
"2020-04-27";"Hospitalised";"0-59";"Syddanmark";NA;NA;NA
"2020-04-27";"Hospitalised";"0-59";"Zealand";NA;NA;NA
"2020-04-27";"Hospitalised";"60+";"Hovedstaden";NA;NA;NA
"2020-04-27";"Hospitalised";"60+";"Midtjylland";NA;NA;NA
"2020-04-27";"Hospitalised";"60+";"Nordjylland";NA;NA;NA
"2020-04-27";"Hospitalised";"60+";"Syddanmark";NA;NA;NA
"2020-04-27";"Hospitalised";"60+";"Zealand";NA;NA;NA
"2020-04-28";"Hospitalised";"0-59";"Hovedstaden";NA;NA;NA
"2020-04-28";"Hospitalised";"0-59";"Midtjylland";NA;NA;NA
"2020-04-28";"Hospitalised";"0-59";"Nordjylland";NA;NA;NA
"2020-04-28";"Hospitalised";"0-59";"Syddanmark";NA;NA;NA
"2020-04-28";"Hospitalised";"0-59";"Zealand";NA;NA;NA
"2020-04-28";"Hospitalised";"60+";"Hovedstaden";NA;NA;NA
"2020-04-28";"Hospitalised";"60+";"Midtjylland";NA;NA;NA
"2020-04-28";"Hospitalised";"60+";"Nordjylland";NA;NA;NA
"2020-04-28";"Hospitalised";"60+";"Syddanmark";NA;NA;NA
"2020-04-28";"Hospitalised";"60+";"Zealand";NA;NA;NA
"2020-04-29";"Hospitalised";"0-59";"Hovedstaden";NA;NA;NA
"2020-04-29";"Hospitalised";"0-59";"Midtjylland";NA;NA;NA
"2020-04-29";"Hospitalised";"0-59";"Nordjylland";NA;NA;NA
"2020-04-29";"Hospitalised";"0-59";"Syddanmark";NA;NA;NA
"2020-04-29";"Hospitalised";"0-59";"Zealand";NA;NA;NA
"2020-04-29";"Hospitalised";"60+";"Hovedstaden";NA;NA;NA
"2020-04-29";"Hospitalised";"60+";"Midtjylland";NA;NA;NA
"2020-04-29";"Hospitalised";"60+";"Nordjylland";NA;NA;NA
"2020-04-29";"Hospitalised";"60+";"Syddanmark";NA;NA;NA
"2020-04-29";"Hospitalised";"60+";"Zealand";NA;NA;NA
"2020-04-30";"Hospitalised";"0-59";"Hovedstaden";NA;NA;NA
"2020-04-30";"Hospitalised";"0-59";"Midtjylland";NA;NA;NA
"2020-04-30";"Hospitalised";"0-59";"Nordjylland";NA;NA;NA
"2020-04-30";"Hospitalised";"0-59";"Syddanmark";NA;NA;NA
"2020-04-30";"Hospitalised";"0-59";"Zealand";NA;NA;NA
"2020-04-30";"Hospitalised";"60+";"Hovedstaden";NA;NA;NA
"2020-04-30";"Hospitalised";"60+";"Midtjylland";NA;NA;NA
"2020-04-30";"Hospitalised";"60+";"Nordjylland";NA;NA;NA
"2020-04-30";"Hospitalised";"60+";"Syddanmark";NA;NA;NA
"2020-04-30";"Hospitalised";"60+";"Zealand";NA;NA;NA
"2020-05-01";"Hospitalised";"0-59";"Hovedstaden";NA;NA;NA
"2020-05-01";"Hospitalised";"0-59";"Midtjylland";NA;NA;NA
"2020-05-01";"Hospitalised";"0-59";"Nordjylland";NA;NA;NA
"2020-05-01";"Hospitalised";"0-59";"Syddanmark";NA;NA;NA
"2020-05-01";"Hospitalised";"0-59";"Zealand";NA;NA;NA
"2020-05-01";"Hospitalised";"60+";"Hovedstaden";NA;NA;NA
"2020-05-01";"Hospitalised";"60+";"Midtjylland";NA;NA;NA
"2020-05-01";"Hospitalised";"60+";"Nordjylland";NA;NA;NA
"2020-05-01";"Hospitalised";"60+";"Syddanmark";NA;NA;NA
"2020-05-01";"Hospitalised";"60+";"Zealand";NA;NA;NA
"2020-05-02";"Hospitalised";"0-59";"Hovedstaden";NA;NA;NA
"2020-05-02";"Hospitalised";"0-59";"Midtjylland";NA;NA;NA
"2020-05-02";"Hospitalised";"0-59";"Nordjylland";NA;NA;NA
"2020-05-02";"Hospitalised";"0-59";"Syddanmark";NA;NA;NA
"2020-05-02";"Hospitalised";"0-59";"Zealand";NA;NA;NA
"2020-05-02";"Hospitalised";"60+";"Hovedstaden";NA;NA;NA
"2020-05-02";"Hospitalised";"60+";"Midtjylland";NA;NA;NA
"2020-05-02";"Hospitalised";"60+";"Nordjylland";NA;NA;NA
"2020-05-02";"Hospitalised";"60+";"Syddanmark";NA;NA;NA
"2020-05-02";"Hospitalised";"60+";"Zealand";NA;NA;NA
"2020-05-03";"Hospitalised";"0-59";"Hovedstaden";NA;NA;NA
"2020-05-03";"Hospitalised";"0-59";"Midtjylland";NA;NA;NA
"2020-05-03";"Hospitalised";"0-59";"Nordjylland";NA;NA;NA
"2020-05-03";"Hospitalised";"0-59";"Syddanmark";NA;NA;NA
"2020-05-03";"Hospitalised";"0-59";"Zealand";NA;NA;NA
"2020-05-03";"Hospitalised";"60+";"Hovedstaden";NA;NA;NA
"2020-05-03";"Hospitalised";"60+";"Midtjylland";NA;NA;NA
"2020-05-03";"Hospitalised";"60+";"Nordjylland";NA;NA;NA
"2020-05-03";"Hospitalised";"60+";"Syddanmark";NA;NA;NA
"2020-05-03";"Hospitalised";"60+";"Zealand";NA;NA;NA
"2020-05-04";"Hospitalised";"0-59";"Hovedstaden";NA;NA;NA
"2020-05-04";"Hospitalised";"0-59";"Midtjylland";NA;NA;NA
"2020-05-04";"Hospitalised";"0-59";"Nordjylland";NA;NA;NA
"2020-05-04";"Hospitalised";"0-59";"Syddanmark";NA;NA;NA
"2020-05-04";"Hospitalised";"0-59";"Zealand";NA;NA;NA
"2020-05-04";"Hospitalised";"60+";"Hovedstaden";NA;NA;NA
"2020-05-04";"Hospitalised";"60+";"Midtjylland";NA;NA;NA
"2020-05-04";"Hospitalised";"60+";"Nordjylland";NA;NA;NA
"2020-05-04";"Hospitalised";"60+";"Syddanmark";NA;NA;NA
"2020-05-04";"Hospitalised";"60+";"Zealand";NA;NA;NA
"2020-05-05";"Hospitalised";"0-59";"Hovedstaden";NA;NA;NA
"2020-05-05";"Hospitalised";"0-59";"Midtjylland";NA;NA;NA
"2020-05-05";"Hospitalised";"0-59";"Nordjylland";NA;NA;NA
"2020-05-05";"Hospitalised";"0-59";"Syddanmark";NA;NA;NA
"2020-05-05";"Hospitalised";"0-59";"Zealand";NA;NA;NA
"2020-05-05";"Hospitalised";"60+";"Hovedstaden";NA;NA;NA
"2020-05-05";"Hospitalised";"60+";"Midtjylland";NA;NA;NA
"2020-05-05";"Hospitalised";"60+";"Nordjylland";NA;NA;NA
"2020-05-05";"Hospitalised";"60+";"Syddanmark";NA;NA;NA
"2020-05-05";"Hospitalised";"60+";"Zealand";NA;NA;NA
"2020-05-06";"Hospitalised";"0-59";"Hovedstaden";NA;NA;NA
"2020-05-06";"Hospitalised";"0-59";"Midtjylland";NA;NA;NA
"2020-05-06";"Hospitalised";"0-59";"Nordjylland";NA;NA;NA
"2020-05-06";"Hospitalised";"0-59";"Syddanmark";NA;NA;NA
"2020-05-06";"Hospitalised";"0-59";"Zealand";NA;NA;NA
"2020-05-06";"Hospitalised";"60+";"Hovedstaden";NA;NA;NA
"2020-05-06";"Hospitalised";"60+";"Midtjylland";NA;NA;NA
"2020-05-06";"Hospitalised";"60+";"Nordjylland";NA;NA;NA
"2020-05-06";"Hospitalised";"60+";"Syddanmark";NA;NA;NA
"2020-05-06";"Hospitalised";"60+";"Zealand";NA;NA;NA
"2020-05-07";"Hospitalised";"0-59";"Hovedstaden";NA;NA;NA
"2020-05-07";"Hospitalised";"0-59";"Midtjylland";NA;NA;NA
"2020-05-07";"Hospitalised";"0-59";"Nordjylland";NA;NA;NA
"2020-05-07";"Hospitalised";"0-59";"Syddanmark";NA;NA;NA
"2020-05-07";"Hospitalised";"0-59";"Zealand";NA;NA;NA
"2020-05-07";"Hospitalised";"60+";"Hovedstaden";NA;NA;NA
"2020-05-07";"Hospitalised";"60+";"Midtjylland";NA;NA;NA
"2020-05-07";"Hospitalised";"60+";"Nordjylland";NA;NA;NA
"2020-05-07";"Hospitalised";"60+";"Syddanmark";NA;NA;NA
"2020-05-07";"Hospitalised";"60+";"Zealand";NA;NA;NA
"2020-05-08";"Hospitalised";"0-59";"Hovedstaden";NA;NA;NA
"2020-05-08";"Hospitalised";"0-59";"Midtjylland";NA;NA;NA
"2020-05-08";"Hospitalised";"0-59";"Nordjylland";NA;NA;NA
"2020-05-08";"Hospitalised";"0-59";"Syddanmark";NA;NA;NA
"2020-05-08";"Hospitalised";"0-59";"Zealand";NA;NA;NA
"2020-05-08";"Hospitalised";"60+";"Hovedstaden";NA;NA;NA
"2020-05-08";"Hospitalised";"60+";"Midtjylland";NA;NA;NA
"2020-05-08";"Hospitalised";"60+";"Nordjylland";NA;NA;NA
"2020-05-08";"Hospitalised";"60+";"Syddanmark";NA;NA;NA
"2020-05-08";"Hospitalised";"60+";"Zealand";NA;NA;NA
"2020-05-09";"Hospitalised";"0-59";"Hovedstaden";NA;NA;NA
"2020-05-09";"Hospitalised";"0-59";"Midtjylland";NA;NA;NA
"2020-05-09";"Hospitalised";"0-59";"Nordjylland";NA;NA;NA
"2020-05-09";"Hospitalised";"0-59";"Syddanmark";NA;NA;NA
"2020-05-09";"Hospitalised";"0-59";"Zealand";NA;NA;NA
"2020-05-09";"Hospitalised";"60+";"Hovedstaden";NA;NA;NA
"2020-05-09";"Hospitalised";"60+";"Midtjylland";NA;NA;NA
"2020-05-09";"Hospitalised";"60+";"Nordjylland";NA;NA;NA
"2020-05-09";"Hospitalised";"60+";"Syddanmark";NA;NA;NA
"2020-05-09";"Hospitalised";"60+";"Zealand";NA;NA;NA
"2020-05-10";"Hospitalised";"0-59";"Hovedstaden";NA;NA;NA
"2020-05-10";"Hospitalised";"0-59";"Midtjylland";NA;NA;NA
"2020-05-10";"Hospitalised";"0-59";"Nordjylland";NA;NA;NA
"2020-05-10";"Hospitalised";"0-59";"Syddanmark";NA;NA;NA
"2020-05-10";"Hospitalised";"0-59";"Zealand";NA;NA;NA
"2020-05-10";"Hospitalised";"60+";"Hovedstaden";NA;NA;NA
"2020-05-10";"Hospitalised";"60+";"Midtjylland";NA;NA;NA
"2020-05-10";"Hospitalised";"60+";"Nordjylland";NA;NA;NA
"2020-05-10";"Hospitalised";"60+";"Syddanmark";NA;NA;NA
"2020-05-10";"Hospitalised";"60+";"Zealand";NA;NA;NA
